subreddit,month_date,post_count,month,month_number
Anxiety,2021-01-01T00:00:00Z,7928,Jan,1
Anxiety,2021-02-01T00:00:00Z,6189,Feb,2
Anxiety,2021-03-01T00:00:00Z,4192,Mar,3
Anxiety,2021-04-01T00:00:00Z,6297,Apr,4
Anxiety,2021-05-01T00:00:00Z,7682,May,5
Anxiety,2021-06-01T00:00:00Z,7625,Jun,6
Anxiety,2021-07-01T00:00:00Z,7938,Jul,7
Anxiety,2021-08-01T00:00:00Z,8150,Aug,8
Anxiety,2021-09-01T00:00:00Z,7998,Sep,9
Anxiety,2021-10-01T00:00:00Z,7677,Oct,10
Anxiety,2021-11-01T00:00:00Z,7389,Nov,11
Anxiety,2021-12-01T00:00:00Z,7219,Dec,12
Depression,2021-01-01T00:00:00Z,18601,Jan,1
Depression,2021-02-01T00:00:00Z,14014,Feb,2
Depression,2021-03-01T00:00:00Z,9298,Mar,3
Depression,2021-04-01T00:00:00Z,14264,Apr,4
Depression,2021-05-01T00:00:00Z,NA,May,5
Depression,2021-06-01T00:00:00Z,15114,Jun,6
Depression,2021-07-01T00:00:00Z,15344,Jul,7
Depression,2021-08-01T00:00:00Z,15832,Aug,8
Depression,2021-09-01T00:00:00Z,15460,Sep,9
Depression,2021-10-01T00:00:00Z,16063,Oct,10
Depression,2021-11-01T00:00:00Z,16183,Nov,11
Depression,2021-12-01T00:00:00Z,14908,Dec,12
Lonely,2021-01-01T00:00:00Z,4357,Jan,1
Lonely,2021-02-01T00:00:00Z,3391,Feb,2
Lonely,2021-03-01T00:00:00Z,2145,Mar,3
Lonely,2021-04-01T00:00:00Z,3741,Apr,4
Lonely,2021-05-01T00:00:00Z,4498,May,5
Lonely,2021-06-01T00:00:00Z,4328,Jun,6
Lonely,2021-07-01T00:00:00Z,4759,Jul,7
Lonely,2021-08-01T00:00:00Z,4849,Aug,8
Lonely,2021-09-01T00:00:00Z,4408,Sep,9
Lonely,2021-10-01T00:00:00Z,5211,Oct,10
Lonely,2021-11-01T00:00:00Z,5856,Nov,11
Lonely,2021-12-01T00:00:00Z,5902,Dec,12
MentalHealth,2021-01-01T00:00:00Z,9097,Jan,1
MentalHealth,2021-02-01T00:00:00Z,7112,Feb,2
MentalHealth,2021-03-01T00:00:00Z,4806,Mar,3
MentalHealth,2021-04-01T00:00:00Z,7741,Apr,4
MentalHealth,2021-05-01T00:00:00Z,9185,May,5
MentalHealth,2021-06-01T00:00:00Z,9134,Jun,6
MentalHealth,2021-07-01T00:00:00Z,9359,Jul,7
MentalHealth,2021-08-01T00:00:00Z,9197,Aug,8
MentalHealth,2021-09-01T00:00:00Z,8477,Sep,9
MentalHealth,2021-10-01T00:00:00Z,9271,Oct,10
MentalHealth,2021-11-01T00:00:00Z,9478,Nov,11
MentalHealth,2021-12-01T00:00:00Z,9301,Dec,12
SuicideWatch,2021-01-01T00:00:00Z,15084,Jan,1
SuicideWatch,2021-02-01T00:00:00Z,11471,Feb,2
SuicideWatch,2021-03-01T00:00:00Z,8230,Mar,3
SuicideWatch,2021-04-01T00:00:00Z,13475,Apr,4
SuicideWatch,2021-05-01T00:00:00Z,15927,May,5
SuicideWatch,2021-06-01T00:00:00Z,15696,Jun,6
SuicideWatch,2021-07-01T00:00:00Z,15295,Jul,7
SuicideWatch,2021-08-01T00:00:00Z,15316,Aug,8
SuicideWatch,2021-09-01T00:00:00Z,15253,Sep,9
SuicideWatch,2021-10-01T00:00:00Z,15348,Oct,10
SuicideWatch,2021-11-01T00:00:00Z,15395,Nov,11
SuicideWatch,2021-12-01T00:00:00Z,14996,Dec,12
