subreddit,month_date,total_posts,avg_sentiment,median_sentiment,negative_posts,neutral_posts,positive_posts,pct_negative,pct_neutral,pct_positive,month,month_number
Anxiety,2021-01-01T00:00:00Z,7928,-0.11819194487690397,-0.1079688856979095,5142,1527,1259,64.85872855701312,19.26084762865792,15.880423814328962,Jan,1
Anxiety,2021-02-01T00:00:00Z,6189,-0.1229676495134535,-0.11251030859977466,4041,1181,966,65.2932622394571,19.082242688641138,15.608337372758118,Feb,2
Anxiety,2021-03-01T00:00:00Z,4192,-0.11981879119933289,-0.10871442606150604,2714,827,651,64.74236641221374,19.728053435114504,15.529580152671757,Mar,3
Anxiety,2021-04-01T00:00:00Z,6297,-0.11821431804383307,-0.10993554125317684,4057,1262,978,64.42750516118787,20.041289502937907,15.531205335874226,Apr,4
Anxiety,2021-05-01T00:00:00Z,7682,-0.12323695170155055,-0.11157901907852244,5071,1495,1115,66.01145535016923,19.46107784431138,14.514449362145273,May,5
Anxiety,2021-06-01T00:00:00Z,7625,-0.12844058286845383,-0.11760978970005884,5103,1457,1061,66.92459016393443,19.108196721311476,13.914754098360655,Jun,6
Anxiety,2021-07-01T00:00:00Z,7938,-0.12195859117021635,-0.11473032711144694,5252,1497,1188,66.16276140085664,18.858654572940285,14.965986394557824,Jul,7
Anxiety,2021-08-01T00:00:00Z,8150,-0.12311230437238506,-0.11265440654014057,5361,1608,1180,65.77914110429448,19.73006134969325,14.478527607361963,Aug,8
Anxiety,2021-09-01T00:00:00Z,7998,-0.12455549296856201,-0.11114186434745804,5222,1569,1207,65.29132283070767,19.61740435108777,15.091272818204551,Sep,9
Anxiety,2021-10-01T00:00:00Z,7677,-0.12469436518577914,-0.11523863964550343,5025,1523,1127,65.45525595935912,19.838478572358994,14.680213625113977,Oct,10
Anxiety,2021-11-01T00:00:00Z,7389,-0.12630211533755567,-0.11617900467164073,4885,1439,1065,66.11178779266477,19.474895114359185,14.413317092976047,Nov,11
Anxiety,2021-12-01T00:00:00Z,7219,-0.12508739633043017,-0.11517670591589044,4787,1398,1033,66.311123424297,19.36556309738191,14.309461144202798,Dec,12
Depression,2021-01-01T00:00:00Z,18601,-0.08930830715203737,-0.07951407906573679,10700,4317,3584,57.523789043599805,23.20842965431966,19.267781302080532,Jan,1
Depression,2021-02-01T00:00:00Z,14014,-0.09233087849554314,-0.07872020743121699,8032,3392,2589,57.3141144569716,24.204367061509917,18.474382760097047,Feb,2
Depression,2021-03-01T00:00:00Z,9298,-0.09322908044452052,-0.08395781348752579,5415,2149,1734,58.23833082383308,23.11249731124973,18.649171864917186,Mar,3
Depression,2021-04-01T00:00:00Z,14264,-0.09080014954985594,-0.08253808584484229,8274,3310,2679,58.00616937745373,23.20527201346046,18.781547952888392,Apr,4
Depression,2021-06-01T00:00:00Z,15114,-0.09480560683338109,-0.08167945332028223,8793,3575,2746,58.17784835252085,23.653566229985444,18.168585417493716,Jun,6
Depression,2021-07-01T00:00:00Z,15344,-0.09255473408749511,-0.081615189369335,8908,3517,2918,58.05526590198124,22.921011470281545,19.017205422314913,Jul,7
Depression,2021-08-01T00:00:00Z,15832,-0.09215407915475886,-0.07940937570191434,9085,3721,3025,57.383779686710454,23.503031834259726,19.10687215765538,Aug,8
Depression,2021-09-01T00:00:00Z,15460,-0.09360792774076795,-0.08341896946085056,8970,3575,2915,58.020698576972826,23.124191461837,18.855109961190166,Sep,9
Depression,2021-10-01T00:00:00Z,16063,-0.09366124150173026,-0.08351747899851097,9333,3712,3018,58.102471518396314,23.109008279897903,18.788520201705783,Oct,10
Depression,2021-11-01T00:00:00Z,16183,-0.09137406185407147,-0.08089823303302697,9332,3735,3116,57.665451399616884,23.079775072607056,19.254773527776063,Nov,11
Depression,2021-12-01T00:00:00Z,14908,-0.09035647988587264,-0.0816496580927726,8572,3485,2850,57.49932921921116,23.376710491011536,19.11725248188892,Dec,12
Lonely,2021-01-01T00:00:00Z,4357,-0.029941066171729255,-0.01843305319078052,1875,1062,1420,43.03419784255221,24.374569658021574,32.59123249942621,Jan,1
Lonely,2021-02-01T00:00:00Z,3391,-0.033282348690376794,-0.021009353309046474,1487,821,1083,43.85137127690947,24.211147154231792,31.937481568858743,Feb,2
Lonely,2021-03-01T00:00:00Z,2145,-0.02639978397598136,-0.02481762998922534,934,528,683,43.54312354312354,24.615384615384617,31.84149184149184,Mar,3
Lonely,2021-04-01T00:00:00Z,3741,-0.03623670851269988,-0.02903257552826715,1679,944,1118,44.88104784816894,25.233894680566692,29.88505747126437,Apr,4
Lonely,2021-05-01T00:00:00Z,4498,-0.03933025543346387,-0.02584422695045851,1997,1125,1376,44.397510004446424,25.01111605157848,30.591373943975096,May,5
Lonely,2021-06-01T00:00:00Z,4328,-0.041505905029832375,-0.02541729056961574,1936,1041,1351,44.73197781885398,24.05268022181146,31.215341959334562,Jun,6
Lonely,2021-07-01T00:00:00Z,4759,-0.038074479114731434,-0.0280819885690618,2138,1177,1444,44.92540449674301,24.732086572809415,30.342508930447572,Jul,7
Lonely,2021-08-01T00:00:00Z,4849,-0.034561063195496095,-0.02333103060008065,2146,1157,1546,44.256547741802436,23.86058981233244,31.88286244586513,Aug,8
Lonely,2021-09-01T00:00:00Z,4408,-0.02607330557545493,-0.018846648306713426,1894,1061,1453,42.96733212341198,24.06987295825771,32.96279491833031,Sep,9
Lonely,2021-10-01T00:00:00Z,5211,-0.03359829165772136,-0.022940703741137325,2280,1277,1654,43.753598157743234,24.505853003262327,31.740548838994435,Oct,10
Lonely,2021-11-01T00:00:00Z,5856,-0.025406049453922688,-0.01927919932681388,2478,1532,1846,42.3155737704918,26.161202185792348,31.523224043715846,Nov,11
Lonely,2021-12-01T00:00:00Z,5902,-0.023542364003681218,-0.017986611114178964,2534,1463,1905,42.934598441206376,24.78820738732633,32.2771941714673,Dec,12
MentalHealth,2021-01-01T00:00:00Z,9097,-0.06264910185910892,-0.06196540834316341,4838,2207,2052,53.18236781356491,24.260745300648566,22.556886885786522,Jan,1
MentalHealth,2021-02-01T00:00:00Z,7112,-0.06485172608989284,-0.062033035067887043,3797,1769,1545,53.38863892013498,24.87345331833521,21.723847019122612,Feb,2
MentalHealth,2021-03-01T00:00:00Z,4806,-0.05899176698931882,-0.060276141899963984,2555,1180,1071,53.162713275072825,24.552642530170623,22.284644194756552,Mar,3
MentalHealth,2021-04-01T00:00:00Z,7741,-0.0586911097515889,-0.06138744542986171,4116,1929,1694,53.17142488050639,24.919261077380185,21.88347758687508,Apr,4
MentalHealth,2021-05-01T00:00:00Z,9185,-0.05870542578192502,-0.062068631744544224,4886,2325,1974,53.195427327163856,25.313010342950466,21.49156232988568,May,5
MentalHealth,2021-06-01T00:00:00Z,9134,-0.06898495107036572,-0.0651623768713685,4990,2284,1858,54.631048828552665,25.005474052988834,20.341580906503175,Jun,6
MentalHealth,2021-07-01T00:00:00Z,9359,-0.06493117956024612,-0.062238918721316115,5001,2350,2007,53.43519606795598,25.109520247889733,21.444598781921144,Jul,7
MentalHealth,2021-08-01T00:00:00Z,9197,-0.08319665310792934,-0.06606358009223279,4948,2370,1879,53.80015222355116,25.76927258888768,20.43057518756116,Aug,8
MentalHealth,2021-09-01T00:00:00Z,8477,-0.07004112311003577,-0.06520993511184835,4624,2173,1680,54.54759938657544,25.634068656364278,19.81833195706028,Sep,9
MentalHealth,2021-10-01T00:00:00Z,9271,-0.06922461274410252,-0.06276142777363407,4952,2385,1933,53.41387121130406,25.725380217883725,20.8499622478697,Oct,10
MentalHealth,2021-11-01T00:00:00Z,9478,-0.06815168610106975,-0.06443354073641258,5099,2360,2018,53.79826967714708,24.89976788351973,21.291411690230007,Nov,11
MentalHealth,2021-12-01T00:00:00Z,9301,-0.06693083138271663,-0.060128233244957495,4909,2402,1990,52.77927104612408,25.825180088162565,21.395548865713366,Dec,12
SuicideWatch,2021-01-01T00:00:00Z,15084,-0.10926538384199001,-0.09840423883963229,9266,3229,2587,61.42932909042694,21.406788650225405,17.15062317687616,Jan,1
SuicideWatch,2021-02-01T00:00:00Z,11471,-0.110587013199178,-0.09889999999999984,6943,2617,1909,60.526545200941506,22.81405282887281,16.64196669863133,Feb,2
SuicideWatch,2021-03-01T00:00:00Z,8230,-0.10678586690074245,-0.09924029898547171,5123,1679,1428,62.24787363304982,20.40097205346294,17.351154313487243,Mar,3
SuicideWatch,2021-04-01T00:00:00Z,13475,-0.1094390747504426,-0.10080971591058585,8265,2873,2336,61.33580705009276,21.320964749536177,17.335807050092765,Apr,4
SuicideWatch,2021-05-01T00:00:00Z,15927,-0.10600394290029588,-0.0990106826698946,9685,3403,2837,60.808689646512214,21.36623344007032,17.812519620769763,May,5
SuicideWatch,2021-06-01T00:00:00Z,15696,-0.10976913673573807,-0.09898704594554164,9612,3340,2744,61.23853211009175,21.279306829765545,17.48216106014271,Jun,6
SuicideWatch,2021-07-01T00:00:00Z,15295,-0.10933604459835766,-0.09926128131173954,9358,3268,2669,61.183393265773134,21.366459627329192,17.450147106897678,Jul,7
SuicideWatch,2021-08-01T00:00:00Z,15316,-0.10834479093362122,-0.09738806060222377,9367,3291,2657,61.158265865761294,21.487333507443196,17.347871506920868,Aug,8
SuicideWatch,2021-09-01T00:00:00Z,15253,-0.10726079274770657,-0.10069772610085011,9301,3277,2673,60.97816822920081,21.484298170851634,17.524421425293387,Sep,9
SuicideWatch,2021-10-01T00:00:00Z,15348,-0.10537229667342314,-0.0944911182523068,9243,3328,2775,60.22283033620016,21.683606984623406,18.080531665363566,Oct,10
SuicideWatch,2021-11-01T00:00:00Z,15395,-0.10871047400897578,-0.0996582228709885,9468,3208,2718,61.50048717115947,20.83793439428386,17.65508281909711,Nov,11
SuicideWatch,2021-12-01T00:00:00Z,14996,-0.10445221484727672,-0.09708095929630367,9090,3164,2740,60.6161643104828,21.098959722592692,18.271539077087223,Dec,12
