subreddit,month_date,post_count,avg_reddit_score,median_reddit_score,total_reddit_score,month,month_number
Anxiety,2021-01-01T00:00:00Z,7928,1.0871594349142284,1,8619,Jan,1
Anxiety,2021-02-01T00:00:00Z,6189,5.349814186459726,1,33110,Feb,2
Anxiety,2021-03-01T00:00:00Z,4192,2.2037213740457617,1,9238,Mar,3
Anxiety,2021-04-01T00:00:00Z,6297,1.024138478640622,1,6449,Apr,4
Anxiety,2021-05-01T00:00:00Z,7682,1.0080708148919544,1,7744,May,5
Anxiety,2021-06-01T00:00:00Z,7625,1.785836065573823,1,13617,Jun,6
Anxiety,2021-07-01T00:00:00Z,7938,1.00251952632905,1,7958,Jul,7
Anxiety,2021-08-01T00:00:00Z,8150,1.0943558282208616,1,8919,Aug,8
Anxiety,2021-09-01T00:00:00Z,7998,1.0081270317579392,1,8063,Sep,9
Anxiety,2021-10-01T00:00:00Z,7677,1.1405496938908364,1,8756,Oct,10
Anxiety,2021-11-01T00:00:00Z,7389,1.0193530924347014,1,7532,Nov,11
Anxiety,2021-12-01T00:00:00Z,7219,1.4784596204460592,1,10673,Dec,12
Depression,2021-01-01T00:00:00Z,18601,1.1825170689748268,1,21996,Jan,1
Depression,2021-02-01T00:00:00Z,14014,5.652204937918792,1,79210,Feb,2
Depression,2021-03-01T00:00:00Z,9298,2.2827489782747894,1,21225,Mar,3
Depression,2021-04-01T00:00:00Z,14264,1.0233454851374069,1,14597,Apr,4
Depression,2021-06-01T00:00:00Z,15114,1.9503771337833284,1,29478,Jun,6
Depression,2021-07-01T00:00:00Z,15344,1.0031934306569343,1,15393,Jul,7
Depression,2021-08-01T00:00:00Z,15832,1.1323269327943657,1,17927,Aug,8
Depression,2021-09-01T00:00:00Z,15460,1.0135834411384212,1,15670,Sep,9
Depression,2021-10-01T00:00:00Z,16063,1.1545788457946558,1,18546,Oct,10
Depression,2021-11-01T00:00:00Z,16183,1.0224927392943275,1,16547,Nov,11
Depression,2021-12-01T00:00:00Z,14908,1.3598068151328495,1,20272,Dec,12
Lonely,2021-01-01T00:00:00Z,4357,1.1592839109479007,1,5051,Jan,1
Lonely,2021-02-01T00:00:00Z,3391,6.6287230905338275,1,22478,Feb,2
Lonely,2021-03-01T00:00:00Z,2145,3.6368298368299006,1,7801,Mar,3
Lonely,2021-04-01T00:00:00Z,3741,1.0376904570970333,1,3882,Apr,4
Lonely,2021-05-01T00:00:00Z,4498,1.0173410404624288,1,4576,May,5
Lonely,2021-06-01T00:00:00Z,4328,2.3417282809611737,1,10135,Jun,6
Lonely,2021-07-01T00:00:00Z,4759,1.003572179029208,1,4776,Jul,7
Lonely,2021-08-01T00:00:00Z,4849,1.2093215095896142,1,5864,Aug,8
Lonely,2021-09-01T00:00:00Z,4408,1.0220054446460982,1,4505,Sep,9
Lonely,2021-10-01T00:00:00Z,5211,1.1636921895989307,1,6064,Oct,10
Lonely,2021-11-01T00:00:00Z,5856,1.0302254098360657,1,6033,Nov,11
Lonely,2021-12-01T00:00:00Z,5902,1.5989495086411427,1,9437,Dec,12
MentalHealth,2021-01-01T00:00:00Z,9097,1.059140375948113,1,9635,Jan,1
MentalHealth,2021-02-01T00:00:00Z,7112,2.830286839145079,1,20129,Feb,2
MentalHealth,2021-03-01T00:00:00Z,4806,1.5788597586350555,1,7588,Mar,3
MentalHealth,2021-04-01T00:00:00Z,7741,1.0155018731430052,1,7861,Apr,4
MentalHealth,2021-05-01T00:00:00Z,9185,1.010996189439303,1,9286,May,5
MentalHealth,2021-06-01T00:00:00Z,9134,1.3924895992993183,1,12719,Jun,6
MentalHealth,2021-07-01T00:00:00Z,9359,1.0010684902233145,1,9369,Jul,7
MentalHealth,2021-08-01T00:00:00Z,9197,1.0451234098075421,1,9612,Aug,8
MentalHealth,2021-09-01T00:00:00Z,8477,1.0083756045770913,1,8548,Sep,9
MentalHealth,2021-10-01T00:00:00Z,9271,1.0783087045626145,1,9997,Oct,10
MentalHealth,2021-11-01T00:00:00Z,9478,1.016353661109936,1,9633,Nov,11
MentalHealth,2021-12-01T00:00:00Z,9301,1.1660036555208941,1,10845,Dec,12
SuicideWatch,2021-01-01T00:00:00Z,15084,1.1075974542561657,1,16707,Jan,1
SuicideWatch,2021-02-01T00:00:00Z,11471,4.9837851974541545,1,57169,Feb,2
SuicideWatch,2021-03-01T00:00:00Z,8230,2.4921020656135946,1,20510,Mar,3
SuicideWatch,2021-04-01T00:00:00Z,13475,1.0197402597402632,1,13741,Apr,4
SuicideWatch,2021-05-01T00:00:00Z,15927,1.013561876059519,1,16143,May,5
SuicideWatch,2021-06-01T00:00:00Z,15696,1.8690749235473343,1,29337,Jun,6
SuicideWatch,2021-07-01T00:00:00Z,15295,1.0015691402419091,1,15319,Jul,7
SuicideWatch,2021-08-01T00:00:00Z,15316,1.1393314181248548,1,17450,Aug,8
SuicideWatch,2021-09-01T00:00:00Z,15253,1.0211106011932043,1,15575,Sep,9
SuicideWatch,2021-10-01T00:00:00Z,15348,1.1826296585874163,1,18151,Oct,10
SuicideWatch,2021-11-01T00:00:00Z,15395,1.0311139980513182,1,15874,Nov,11
SuicideWatch,2021-12-01T00:00:00Z,14996,1.3745665510803526,1,20613,Dec,12
