subreddit,rank,word,n,doc_freq,tf,idf,tf_idf
Anxiety,1,shortness,1019,785,2.9259958507713403e-4,0.9162907318741551,2.6810628795640123e-4
Anxiety,2,rabies,552,194,1.5850340624394305e-4,1.6094379124341003,2.5510139125894585e-4
Anxiety,3,ekg,542,456,1.5563196772503104e-4,1.6094379124341003,2.5047998924338524e-4
Anxiety,4,tingling,925,686,2.656080629993611e-4,0.9162907318741551,2.433742064373613e-4
Anxiety,5,cardiologist,490,384,1.407004874266886e-4,1.6094379124341003,2.2644869876247006e-4
Anxiety,6,tightness,853,655,2.449337056631946e-4,0.9162907318741551,2.244304844227775e-4
Anxiety,7,prescribed,2997,2525,8.6057012411793e-4,0.22314355131420976,1.9203067365058517e-4
Anxiety,8,tingly,385,320,1.1055038297811246e-4,1.6094379124341003,1.779239775990836e-4
Anxiety,9,gad,2379,1987,6.831152236491676e-4,0.22314355131420976,1.5243275696187592e-4
Anxiety,10,vaccine,2317,1114,6.653123048319131e-4,0.22314355131420976,1.4846015043323518e-4
Anxiety,11,dose,2265,1696,6.503808245335708e-4,0.22314355131420976,1.451282868930849e-4
Anxiety,12,pulse,550,405,1.5792911854016066e-4,0.9162907318741551,1.4470898761140402e-4
Anxiety,13,blockers,311,213,8.930173793816357e-5,1.6094379124341003,1.4372560268393508e-4
Anxiety,14,lexapro,2223,1447,6.383207827541402e-4,0.22314355131420976,1.4243716634142504e-4
Anxiety,15,ecg,307,254,8.815316253059877e-5,1.6094379124341003,1.4187704187771082e-4
Anxiety,16,lightheaded,520,446,1.4931480298342463e-4,0.9162907318741551,1.3681577010532742e-4
Anxiety,17,zoloft,2107,1354,6.050120959347609e-4,0.22314355131420976,1.3500454767493593e-4
Anxiety,18,buspar,912,512,2.618751929247755e-4,0.5108256237659907,1.337725587746376e-4
Anxiety,19,propranolol,871,539,2.5010229499723626e-4,0.5108256237659907,1.2775866084726903e-4
Anxiety,20,nausea,1993,1454,5.722776968191639e-4,0.22314355131420976,1.2770007760614489e-4
Anxiety,21,pfizer,272,216,7.810312771440673e-5,1.6094379124341003,1.2570213482324867e-4
Anxiety,22,twitching,473,333,1.3581904194453817e-4,0.9162907318741551,1.2444972934580746e-4
Anxiety,23,gerd,262,199,7.523168919549471e-5,1.6094379124341003,1.2108073280768807e-4
Anxiety,24,fainting,258,208,7.408311378792991e-5,1.6094379124341003,1.1923217200146383e-4
Anxiety,25,hypochondriac,449,420,1.2892758949914935e-4,0.9162907318741551,1.181351553409462e-4
Anxiety,26,reflux,444,346,1.2749187023969333e-4,0.9162907318741551,1.168196190899334e-4
Anxiety,27,sinus,249,181,7.14988191209091e-5,1.6094379124341003,1.1507291018745927e-4
Anxiety,28,dizzy,1787,1482,5.131260633295765e-4,0.22314355131420976,1.1450077204324181e-4
Anxiety,29,spasms,245,197,7.03502437133443e-5,1.6094379124341003,1.1322434938123503e-4
Anxiety,30,ultrasound,242,194,6.948881215767069e-5,1.6094379124341003,1.1183792877656684e-4
Depression,1,prescribed,1400,1227,2.3337899782390755e-4,0.22314355131420976,5.2077018376577966e-5
Depression,2,diagnosis,1272,1075,2.12041489451436e-4,0.22314355131420976,4.731569098214798e-5
Depression,3,dose,1178,939,1.963717567404022e-4,0.22314355131420976,4.381909117686346e-5
Depression,4,depressants,1147,969,1.9120407893144425e-4,0.22314355131420976,4.266595719852494e-5
Depression,5,zoloft,1101,769,1.835359118600873e-4,0.22314355131420976,4.095485516615167e-5
Depression,6,wellbutrin,1061,677,1.7686794049368994e-4,0.22314355131420976,3.94669403553923e-5
Depression,7,lexapro,989,708,1.6486559203417468e-4,0.22314355131420976,3.678869369602543e-5
Depression,8,talent,416,372,6.934690221053253e-5,0.5108256237659907,3.542417457793444e-5
Depression,9,appetite,928,785,1.5469693570041872e-4,0.22314355131420976,3.4519623609617395e-5
Depression,10,painless,404,370,6.734651080061332e-5,0.5108256237659907,3.440232338818633e-5
Depression,11,prozac,903,627,1.5052945359642037e-4,0.22314355131420976,3.3589676852892785e-5
Depression,12,slave,385,341,6.417922440157458e-5,0.5108256237659907,3.278439233775183e-5
Depression,13,ambition,384,340,6.401252511741464e-5,0.5108256237659907,3.269923807193948e-5
Depression,14,effexor,375,237,6.251223155997523e-5,0.5108256237659907,3.19328496796284e-5
Depression,15,rape,374,314,6.23455322758153e-5,0.5108256237659907,3.184769541381606e-5
Depression,16,ideation,850,760,1.4169439153594387e-4,0.22314355131420976,3.1618189728636625e-5
Depression,17,talented,371,342,6.18454344233355e-5,0.5108256237659907,3.159223261637903e-5
Depression,18,antidepressant,838,719,1.3969400012602465e-4,0.22314355131420976,3.117181528540881e-5
Depression,19,fcking,203,149,3.383995468446659e-5,0.9162907318741551,3.100723684441814e-5
Depression,20,poverty,352,313,5.8678148024296755e-5,0.5108256237659907,2.9974301565944526e-5
Depression,21,fog,802,683,1.3369282589626705e-4,0.22314355131420976,2.983269195572538e-5
Depression,22,ward,794,663,1.3235923162298755e-4,0.22314355131420976,2.95351089935735e-5
Depression,23,mon,107,74,1.7836823405112933e-5,1.6094379124341003,2.870725982558066e-5
Depression,24,con,186,81,3.100606685374772e-5,0.9162907318741551,2.841057168995948e-5
Depression,25,clinically,331,317,5.517746305693814e-5,0.5108256237659907,2.8186061983885334e-5
Depression,26,talents,330,317,5.501076377277821e-5,0.5108256237659907,2.8100907718072994e-5
Depression,27,aspirations,326,312,5.4343966636138474e-5,0.5108256237659907,2.7760290654823626e-5
Depression,28,clinical,745,674,1.241909666991508e-4,0.22314355131420976,2.7712413350393276e-5
Depression,29,willpower,321,296,5.35104702153388e-5,0.5108256237659907,2.733451932576191e-5
Depression,30,beard,101,70,1.683662770015333e-5,1.6094379124341003,2.709750693816492e-5
Lonely,1,circuitry,566,566,3.874870438298507e-4,1.6094379124341003,6.236363389167756e-4
Lonely,2,hmu,406,376,2.779500703090449e-4,1.6094379124341003,4.473433809191006e-4
Lonely,3,mutually,166,166,1.1364461002783608e-4,1.6094379124341003,1.8290394392258793e-4
Lonely,4,conversing,158,158,1.0816776135179579e-4,1.6094379124341003,1.7408929602270417e-4
Lonely,5,cuddles,123,107,8.42065483941195e-5,1.6094379124341003,1.3552521146071274e-4
Lonely,6,bumble,186,162,1.273367317179368e-4,0.9162907318741551,1.1667746710029126e-4
Lonely,7,lonelier,314,286,2.149663105345815e-4,0.5108256237659907,1.0981029966750126e-4
Lonely,8,roses,94,52,6.435297194347344e-5,1.6094379124341003,1.0357211282363412e-4
Lonely,9,meetup,86,64,5.887612326743315e-5,1.6094379124341003,9.475746492375036e-5
Lonely,10,vaginas,85,49,5.8191517182928115e-5,1.6094379124341003,9.36556339362649e-5
Lonely,11,loneliest,251,230,1.718361272107642e-4,0.5108256237659907,8.777829686797076e-5
Lonely,12,penises,74,32,5.066085025337271e-5,1.6094379124341003,8.153549307392473e-5
Lonely,13,ageing,73,34,4.997624416886768e-5,1.6094379124341003,8.043366208643927e-5
Lonely,14,matching,69,64,4.7237819830847526e-05,1.6094379124341003,7.602633813649738e-5
Lonely,15,reciprocated,119,115,8.146812405609936e-5,0.9162907318741551,7.464848701577774e-5
Lonely,16,friendless,210,164,1.437672777460577e-4,0.5108256237659907,7.344000933176836e-5
Lonely,17,gamer,117,106,8.00989118870893e-5,0.9162907318741551,7.339389059534451e-5
Lonely,18,legends,64,61,4.3814789408322345e-5,1.6094379124341003,7.051718319907004e-5
Lonely,19,cuddled,111,107,7.599127538005907e-5,0.9162907318741551,6.963010133404479e-5
Lonely,20,indie,63,50,4.313018332381731e-5,1.6094379124341003,6.941535221158458e-5
Lonely,21,lonesome,63,62,4.313018332381731e-5,1.6094379124341003,6.941535221158458e-5
Lonely,22,lonliness,194,168,1.3281358039397712e-4,0.5108256237659907,6.784458004934792e-5
Lonely,23,flirty,61,56,4.1760971154807234e-5,1.6094379124341003,6.721169023661364e-5
Lonely,24,continent,106,65,7.256824495753389e-5,0.9162907318741551,6.649361028296169e-5
Lonely,25,pals,59,54,4.0391758985797165e-5,1.6094379124341003,6.50080282616427e-5
Lonely,26,catfish,58,50,3.970715290129212e-5,1.6094379124341003,6.390619727415722e-5
Lonely,27,loners,58,53,3.970715290129212e-5,1.6094379124341003,6.390619727415722e-5
Lonely,28,advertising,56,56,3.8337940732282054e-5,1.6094379124341003,6.170253529918628e-5
Lonely,29,introverts,56,49,3.8337940732282054e-5,1.6094379124341003,6.170253529918628e-5
Lonely,30,nye,55,42,3.765333464777702e-5,1.6094379124341003,6.060070431170082e-5
MentalHealth,1,poll,563,543,1.0831368103756427e-4,1.6094379124341003,1.7432414469715043e-4
MentalHealth,2,diagnosis,3630,2602,6.983635207217731e-4,0.22314355131420976,1.5583531612215116e-4
MentalHealth,3,schizophrenia,1863,1239,3.5841631931257943e-4,0.22314355131420976,7.997829034037677e-5
MentalHealth,4,rape,640,463,1.2312745268923823e-4,0.5108256237659907,6.289665782269763e-5
MentalHealth,5,prescribed,1451,1218,2.791530216438823e-4,0.22314355131420976,6.229119660970836e-5
MentalHealth,6,tics,353,180,6.791248562390797e-5,0.9162907318741551,6.222758115572367e-5
MentalHealth,7,psychosis,1430,954,2.751129021025167e-4,0.22314355131420976,6.138966998751411e-5
MentalHealth,8,wholly,343,343,6.598861917563862e-5,0.9162907318741551,6.046476015981082e-5
MentalHealth,9,dungeon,325,323,6.25256595687538e-5,0.9162907318741551,5.7291682367167685e-5
MentalHealth,10,ais,317,317,6.098656641013832e-5,0.9162907318741551,5.58814255704374e-5
MentalHealth,11,manic,1256,906,2.4163762590263005e-4,0.22314355131420976,5.391987797504735e-5
MentalHealth,12,hallucinations,1243,871,2.391365995198799e-4,0.22314355131420976,5.336179006606995e-5
MentalHealth,13,swings,1212,972,2.3317261353024492e-4,0.22314355131420976,5.2030965052354606e-5
MentalHealth,14,auditory,281,241,5.406064719636866e-5,0.9162907318741551,4.953526998515113e-5
MentalHealth,15,diagnose,1104,967,2.1239485588893595e-4,0.22314355131420976,4.739454242392697e-5
MentalHealth,16,explosive,147,128,2.8280836789559408e-5,1.6094379124341003,4.5516250924477996e-5
MentalHealth,17,ward,1058,774,2.0354507022689696e-4,0.22314355131420976,4.541976982293001e-5
MentalHealth,18,psychiatric,998,797,1.9200187153728087e-4,0.22314355131420976,4.284397947380355e-5
MentalHealth,19,hallucination,239,199,4.5980408113637405e-5,0.9162907318741551,4.2131421802317155e-5
MentalHealth,20,pathological,134,104,2.5779810406809254e-5,1.6094379124341003,4.149100424408198e-5
MentalHealth,21,psychotic,955,722,1.837292458097227e-4,0.22314355131420976,4.0997996390262914e-5
MentalHealth,22,providers,132,117,2.5395037117155388e-5,1.6094379124341003,4.087173552402106e-5
MentalHealth,23,sexy,406,395,7.810897779973551e-5,0.5108256237659907,3.9900067306273816e-5
MentalHealth,24,camhs,127,66,2.4433103893020714e-5,1.6094379124341003,3.932356372386875e-5
MentalHealth,25,criteria,221,188,4.251744850675258e-5,0.9162907318741551,3.895834400967402e-5
MentalHealth,26,hallucinate,125,112,2.4048330603366844e-5,1.6094379124341003,3.870429500380782e-5
MentalHealth,27,hypomania,122,93,2.347117066888604e-5,1.6094379124341003,3.777539192371643e-5
MentalHealth,28,misdiagnosed,211,188,4.059358205848323e-5,0.9162907318741551,3.719552301376117e-5
MentalHealth,29,flair,210,205,4.0401195413656294e-5,0.9162907318741551,3.7019240914169886e-5
MentalHealth,30,obsessive,847,699,1.6295148816841373e-4,0.22314355131420976,3.636157376183527e-5
SuicideWatch,1,painless,2287,2084,4.2627970584277193e-4,0.5108256237659907,2.17754596635917e-4
SuicideWatch,2,helium,417,306,7.772568313792563e-5,1.6094379124341003,1.2509466121201737e-4
SuicideWatch,3,overdose,2765,2485,5.15375333036845e-4,0.22314355131420976,1.1500268207358516e-4
SuicideWatch,4,slit,997,957,1.8583334793408117e-4,0.5108256237659907,9.49284358749494e-5
SuicideWatch,5,monoxide,316,283,5.890003806135371e-5,1.6094379124341003,9.479595429975417e-5
SuicideWatch,6,noose,989,862,1.8434220772999625e-4,0.5108256237659907,9.416672325007518e-5
SuicideWatch,7,overdosing,904,856,1.6849884306159417e-4,0.5108256237659907,8.607352661078662e-5
SuicideWatch,8,lethal,461,414,8.592695426039259e-5,0.9162907318741551,7.873407180697217e-5
SuicideWatch,9,hotline,1805,1519,3.364385085466565e-4,0.22314355131420976,7.507408359595704e-5
SuicideWatch,10,painlessly,439,419,8.18263186991591e-5,0.9162907318741551,7.497669744742036e-5
SuicideWatch,11,fentanyl,238,201,4.43614210715259e-5,1.6094379124341003,7.139695292196675e-5
SuicideWatch,12,slitting,394,377,7.343865505118152e-5,0.9162907318741551,6.729115898470073e-5
SuicideWatch,13,belt,693,594,1.291700201788548e-4,0.5108256237659907,6.598335612972911e-5
SuicideWatch,14,ward,1571,1310,2.9282265757717303e-4,0.22314355131420976,6.534148771703518e-5
SuicideWatch,15,ideation,1541,1361,2.8723088181185463e-4,0.22314355131420976,6.40937190146093e-5
SuicideWatch,16,rape,653,526,1.217143191584303e-4,0.5108256237659907,6.217479300535803e-5
SuicideWatch,17,firearm,198,182,3.690572005110137e-5,1.6094379124341003,5.939746503592191e-5
SuicideWatch,18,cyanide,195,163,3.634654247456954e-5,1.6094379124341003,5.8497503444468554e-5
SuicideWatch,19,artery,191,172,3.5600972372527086e-5,1.6094379124341003,5.7297554655864075e-5
SuicideWatch,20,methods,1371,1234,2.5554415247505045e-4,0.22314355131420976,5.7023029700862666e-5
SuicideWatch,21,wrists,1344,1257,2.505115542862639e-4,0.22314355131420976,5.5900037868679374e-5
SuicideWatch,22,pistol,183,169,3.410983216844218e-5,1.6094379124341003,5.4897657078655104e-5
SuicideWatch,23,chickened,182,179,3.3923439642931564e-5,1.6094379124341003,5.459766988150398e-5
SuicideWatch,24,overdosed,564,516,1.0512538438798574e-4,0.5108256237659907,5.370074005363236e-5
SuicideWatch,25,raped,1281,1061,2.3876882517909526e-4,0.22314355131420976,5.327972359358502e-5
SuicideWatch,26,nitrogen,176,145,3.280508448986789e-5,1.6094379124341003,5.279774669859726e-5
SuicideWatch,27,paracetamol,554,449,1.0326145913287961e-4,0.5108256237659907,5.274859927253959e-5
SuicideWatch,28,cowardly,308,288,5.74088978572688e-5,0.9162907318741551,5.260324103372545e-5
SuicideWatch,29,blade,552,506,1.0288867408185837e-4,0.5108256237659907,5.2558171116321024e-5
SuicideWatch,30,euthanasia,304,292,5.666332775522635e-5,0.9162907318741551,5.1920082059261476e-5
